Track URI,ISRC,Track Name,Album Name,Artist Name(s),Release Date,Duration (ms),Popularity,Explicit,Added By,Added At,Genres,Record Label,Danceability,Energy,Key,Loudness,Mode,Speechiness,Acousticness,Instrumentalness,Liveness,Valence,Tempo,Time Signature
spotify:track:6wE52W9LTluj9G8Bzmdzx1,SEBFO0400125,"All Lips 'n Hips","Funk-O-Metal Carpet Ride","Electric Boys",1990,262800,24,false,8blrladeh06ispxcd2fkwkdel,2026-09-24T15:14:31Z,"glam metal,funk rock,glam rock,aor","Universal Music AB",0.568,0.97,7,-5.242,1,0.0643,0.0474,0.0103,0.339,0.116,93.284,4
spotify:track:3zxCIBiVSX6oNhe8LQYjh9,SEUMA9402010,"Bara sport","En gó box","Galenskaparna & After Shave",1994,132826,30,false,8blrladeh06ispxcd2fkwkdel,2026-09-24T15:13:12Z,"dansband","Kulturtuben",0.735,0.665,11,-8.291,1,0.452,0.838,0,0.967,0.95,149.768,4
spotify:track:0s6bxuLONzqZCu0qTCLy4A,SELFA0101104,"Barkbrödslåten","Kebnekaise","Kebnekajse",1973-03-10,276973,29,false,8blrladeh06ispxcd2fkwkdel,2026-09-24T15:10:36Z,"progressive rock,folk,folk rock","Silence Records",0.569,0.604,9,-11.024,0,0.0575,0.652,0.873,0.444,0.431,141.147,4
spotify:track:5I4xjdu4DeKUNMiufzQLoA,SEBLM9808010,"Big Big World","Big Big World","Emilia",1998-01-01,205466,62,false,8blrladeh06ispxcd2fkwkdel,2026-09-24T15:17:11Z,"","Universal Music AB",0.57,0.461,0,-10.249,1,0.0285,0.501,0.0000188,0.202,0.336,87.987,4
spotify:track:6bZqMRuNHt07wMtmSOQIwx,SEAMA6734140,"Båtlåt","7 Bitar Robban + 7 Bitar Broberg","Robert Broberg",1967,142920,38,false,8blrladeh06ispxcd2fkwkdel,2026-09-24T15:09:31Z,"swedish pop,dansband","Parlophone Sweden",0.462,0.347,5,-10.426,1,0.0361,0.757,0.00000177,0.168,0.316,77.939,1
spotify:track:4YxlPfSwly8mtbGGDYVyp1,SEBFN9101010,"Crucified - Radio Edit","Massive Luxury Overdose","Army Of Lovers",1991,213760,44,false,8blrladeh06ispxcd2fkwkdel,2026-09-24T15:15:13Z,"europop","Universal Music AB",0.601,0.95,4,-7.649,0,0.0631,0.0121,0.0000462,0.709,0.409,121.992,4
spotify:track:6H7I7KeoWApFvXV79oWMJu,SELAA9400301,"Den ena handen vet vad den andra gör","Brustna hjärtans hotell","Blå Tåget",1972-01-01,266920,34,false,8blrladeh06ispxcd2fkwkdel,2026-09-24T15:09:59Z,"bisrock,swedish pop","MNW Music AB",0.479,0.468,10,-10.303,1,0.0406,0.593,0.00371,0.121,0.571,98.729,4
spotify:track:21Ko7CH62N6s0sq2nfttv2,SEAMA7809050,"Det blir alltid värre framåt natten","Skifs Hits!","Björn Skifs",2005-04-08,182613,30,false,8blrladeh06ispxcd2fkwkdel,2026-09-24T15:11:35Z,"","Parlophone Sweden",0.499,0.6,5,-6.929,1,0.0294,0.127,0,0.172,0.498,77.979,4
spotify:track:5xCRoriYI6rNqM5fGkXdkR,SELFA8802050,"Dimma","Scenbuddism +","Dag Vag",1979-01-01,218960,28,false,8blrladeh06ispxcd2fkwkdel,2026-09-24T15:11:35Z,"swedish pop","Silence Records",0.537,0.743,11,-7.451,0,0.0361,0.00129,0.283,0.399,0.417,129.742,4
spotify:track:2HPB3px8MJZRMfu1L65Z41,SEAYD7901060,"Does Your Mother Know","Voulez-Vous","ABBA",1979,193440,70,false,8blrladeh06ispxcd2fkwkdel,2026-09-24T15:12:02Z,"","Polar Music International AB",0.728,0.865,7,-5.68,1,0.0364,0.151,0.0000243,0.0906,0.975,135.571,4
spotify:track:69OmpIXN0WPreDYxoFwlYC,SEAYD7702011,"Eagle - Long Version","The Album","ABBA",1977,350826,54,false,8blrladeh06ispxcd2fkwkdel,2026-09-24T15:11:35Z,"","Polar Music International AB",0.481,0.763,2,-6.698,1,0.0263,0.216,0.00000975,0.204,0.554,85.191,4
spotify:track:0ERN6NreDs89CrG1SjvzF6,SEBGA8101050,"Egoism","För väntan","Eva Dahlgren",1981-02-05,312733,23,false,8blrladeh06ispxcd2fkwkdel,2026-09-24T15:13:12Z,"swedish pop","Columbia",0.327,0.0941,7,-17.744,1,0.0319,0.864,0.678,0.138,0.0361,93.491,4
spotify:track:1bqIqDtDl9BJYKwppd9bbK,SEAYD9304030,"Eiffeltornet","Upptåg (Remastered 2009)","Ted Gärdestad",1974,186920,45,false,8blrladeh06ispxcd2fkwkdel,2026-09-24T15:10:36Z,"swedish pop","Universal Music AB",0.691,0.566,0,-5.603,1,0.0516,0.692,0,0.0905,0.601,128.03,4
spotify:track:3HFzjAO51qwy6m0B5dMmhV,SELAA9908060,"En vacker död stad","Det är ni som e dom konstiga, det är jag som e normal","Thåström",1999-10,193253,33,false,8blrladeh06ispxcd2fkwkdel,2026-09-24T15:17:11Z,"swedish pop","MNW Music AB",0.365,0.928,9,-4.708,0,0.0463,0.000162,0,0.125,0.546,136.02,4
spotify:track:1lR6HWPXVXeoUr5gckHELU,SEPQB6803210,"Felicia adjö","Tio vackra visor och personliga Person","Cornelis Vreeswijk",1968,158080,37,false,8blrladeh06ispxcd2fkwkdel,2026-09-24T15:09:31Z,"swedish pop","WM Sweden",0.652,0.238,6,-17.809,1,0.0331,0.857,0.000739,0.13,0.842,138.494,4
spotify:track:74k8Lrh6PG6aA3pRIF4GWm,SEBLM9509040,"Fiskarna i haven","Idde Schultz (Swedish version)","Idde Schultz",1995-01-01,273106,40,false,8blrladeh06ispxcd2fkwkdel,2026-09-24T15:16:30Z,"swedish pop","Universal Music AB",0.561,0.696,3,-10.051,1,0.0326,0.00127,0.00671,0.0981,0.752,154.019,4
spotify:track:2YtnggOozYXxbKccWUnrIu,SEAMA9542010,"Good Thing","Good Thing","Rebecka Törnqvist",1996-03-11,223746,36,false,8blrladeh06ispxcd2fkwkdel,2026-09-24T15:16:30Z,"swedish pop,vocal jazz","Parlophone Sweden",0.542,0.853,5,-7.145,0,0.0321,0.0872,0,0.12,0.823,137.974,4
spotify:track:7MYC1Le5vcjyw0yBAQGVyB,SEBMC9625030,"Gravitation","Verkligen","kent",1996-03-15,222533,43,false,8blrladeh06ispxcd2fkwkdel,2026-09-24T15:16:48Z,"swedish pop","RCA Records Label",0.348,0.47,4,-8.952,1,0.0291,0.0987,0.00000461,0.486,0.0842,131.21,3
spotify:track:2XsuVwy2HnVL1EKlxdffx0,SEANF9000302,"Halkans Affair","Janne Schaffer","Janne Schaffer",1973-08-15,264533,12,false,8blrladeh06ispxcd2fkwkdel,2026-09-24T15:10:36Z,"jazz fusion,jazz funk","Four Leaf Clover Records",0.475,0.679,2,-11.371,0,0.0326,0.019,0.924,0.112,0.762,140.424,4
spotify:track:4Zjf4XQZushvULDYoYq7VG,GBAAA9500059,"Hobo Humpin' Slobo Babe","We Care","Whale",1995-01-01,239506,43,false,8blrladeh06ispxcd2fkwkdel,2026-09-24T15:15:34Z,"","Hut",0.343,0.903,0,-6.176,1,0.0956,0.000297,0.435,0.702,0.452,170.244,4
spotify:track:6XsCAoxHy2LcIrGJoe5tLH,SELAA0504002,"Hon kom över mon","Hon kom över mon","Contact",1971-01-01,206733,26,false,8blrladeh06ispxcd2fkwkdel,2026-09-24T15:09:59Z,"swedish pop","MNW Music AB",0.374,0.606,4,-4.67,0,0.0429,0.485,0.000157,0.443,0.825,138.759,4
spotify:track:4UcqictH0qFzGtYfJWLfDi,SEBFO8103060,"Härifrån till Evigheten","Musik (2007 mastering)","Björn J:son Lindh",1981-01-01,207413,11,false,8blrladeh06ispxcd2fkwkdel,2026-09-24T15:13:12Z,"jazz fusion","Universal Music AB",0.375,0.628,7,-6.775,1,0.0335,0.294,0.909,0.386,0.352,75.218,4
spotify:track:7sEiXH1ZCmR1WVM7GHSqqR,SELFA9201010,"In kommer Gösta","Musikens historia del I och II","Philemon Arthur & The Dung",1972-01-01,196693,22,false,8blrladeh06ispxcd2fkwkdel,2026-09-24T15:09:59Z,"swedish pop,anti-folk","Silence Records",0.741,0.647,7,-8.229,0,0.059,0.853,0.0953,0.0554,0.838,131.328,4
spotify:track:5VBYia2HP6EkctTMQmSL1n,SEPQC7715010,"Ingen kommer undan politiken","Marie's Bästa","Marie Bergman",1994,176560,4,false,8blrladeh06ispxcd2fkwkdel,2026-09-24T15:11:35Z,"swedish pop,schlager","WM Sweden",0.766,0.639,1,-7.011,0,0.0279,0.535,0,0.453,0.962,101.176,4
spotify:track:4Ny6ugVvq8DTCjYvMUavXo,SEBGA1600511,"Johnny the Rucker","Magnus Uggla Band sjunger schlagers","Magnus Uggla",1979-05-08,291480,7,false,8blrladeh06ispxcd2fkwkdel,2026-09-24T15:12:02Z,"swedish pop","Uggly Music",0.657,0.631,11,-13.53,1,0.0318,0.00356,0.0000021,0.344,0.743,134.583,4
spotify:track:1Z4zGDjmHURFmHAd0OAV2t,SEBFO6906030,"Judy min vän","Tommy Körberg - Judy min vän (Remastered 2011)","Tommy Körberg",1969-01-01,140053,33,false,8blrladeh06ispxcd2fkwkdel,2026-09-24T15:09:31Z,"christmas","Universal Music AB",0.306,0.655,8,-6.739,1,0.0443,0.729,0,0.151,0.694,175.754,4
spotify:track:2MaBAGBIttgv86bYytdx1f,SEAME8878130,"Listen To Your Heart","Look Sharp!","Roxette",1988-10-21,328093,81,false,8blrladeh06ispxcd2fkwkdel,2026-09-24T15:14:15Z,"swedish pop","WM Sweden",0.539,0.583,1,-4.935,0,0.0275,0.108,0,0.111,0.337,86.065,4
spotify:track:7rMGBorMCIjr623laBD1a4,SELAA7400106,"Livet är en fest","Livet är en fest","Nationalteatern",1974,253826,45,false,8blrladeh06ispxcd2fkwkdel,2026-09-24T15:10:36Z,"swedish pop","MNW Music AB",0.433,0.683,9,-10.947,1,0.0333,0.00488,0.0000205,0.107,0.752,146.042,4
spotify:track:1VgtHDw8AcH8JPvGN1qYyl,SEBFO9804040,"Lok står när de andra faller","Naken, blästrad och skitsur","LOK",1999-01-01,144960,39,false,8blrladeh06ispxcd2fkwkdel,2026-09-24T15:17:11Z,"","Universal Music AB",0.578,0.887,6,-6.714,1,0.052,0.0264,0.0000151,0.0777,0.823,95.014,4
spotify:track:5pR8fQ9t9wa6z7JbknHQKc,SEYMP7700202,"Lära för livet","Vrakgods från älvens mynning","Motvind",2022-05-01,147638,8,false,8blrladeh06ispxcd2fkwkdel,2026-09-24T15:11:35Z,"swedish pop","WM Sweden",0.287,0.65,6,-7.873,1,0.0461,0.184,0,0.171,0.398,182.829,3
spotify:track:5tmkX2fJ7KUAnMz3W1ibEr,GBAAA8900001,"Manchild","Raw Like Sushi","Neneh Cherry",1989-01-01,232333,46,false,8blrladeh06ispxcd2fkwkdel,2026-09-24T15:14:15Z,"","Circa",0.695,0.601,6,-12.003,1,0.155,0.174,0,0.11,0.866,169.516,4
spotify:track:1CV9wtrshNxrGTF8BfyQqk,SELAA8101080,"Mental istid","Kärlek och uppror","Ebba Grön",1981-01-01,183040,38,false,8blrladeh06ispxcd2fkwkdel,2026-09-24T15:13:12Z,"punk,swedish pop","MNW Music AB",0.501,0.176,9,-18.731,0,0.0307,0.66,0,0.404,0.423,127.685,4
spotify:track:7yIyXmjWhZimkhogYaWcO2,SEBGA0900177,"Okända Djur","Olle Adolphson","Olle Adolphson",1956-11-01,251293,23,false,8blrladeh06ispxcd2fkwkdel,2026-09-24T15:08:55Z,"bisrock,swedish pop","Cupol",0.846,0.227,10,-13.321,1,0.0914,0.891,0,0.115,0.662,124.894,4
spotify:track:0x2JqWpaKTW5wDdZAzlI6A,SEPQD9023070,"Ooh - I Like It!","Blue Tomato","The Creeps",1990-03-05,177533,30,false,8blrladeh06ispxcd2fkwkdel,2026-09-24T15:14:50Z,"swedish pop","WM Sweden",0.669,0.914,2,-4.887,1,0.0375,0.0501,0.0000579,0.225,0.857,124.821,4
spotify:track:56DWBKKeeEyKQGDThccBrs,SEPQC7408060,"Påtalåten","74-87","Ola Magnell",1975,193586,39,false,8blrladeh06ispxcd2fkwkdel,2026-09-24T15:10:57Z,"swedish pop,bisrock","WM Sweden",0.588,0.847,7,-6.238,1,0.0427,0.0298,0.0000037,0.496,0.635,74.309,4
spotify:track:0xnMEIpyHNHVVlgZFhMWzK,SEPQA0800172,"Rok the Nation (feat. Leila K)","Rob n Raz (feat. Leila K)","Rob n Raz;Leila K",1990,300560,15,false,8blrladeh06ispxcd2fkwkdel,2026-09-24T15:14:50Z,"eurodance","WM Sweden",0.837,0.754,2,-14.071,1,0.0552,0.0909,0.0000308,0.0499,0.758,107.597,4
spotify:track:3IDZwmcdNts1KuUh5ZfhfM,SEAZC6102010,"Sakta vi gå genom stan","Monicas Bästa -Svenska klassiker","Monica Zetterlund",2004-01-01,200493,20,false,8blrladeh06ispxcd2fkwkdel,2026-09-24T15:08:55Z,"jazz,vocal jazz","Universal Music AB",0.498,0.337,9,-8.704,0,0.0487,0.792,0,0.111,0.232,107.991,5
spotify:track:5tnLEPaMxK784EXOjfluW5,SELFA9508060,"Slå mig med din rytmenpinne","Silence - Vild i skogen","Aston Reymers Rivaler;M.A. Numminen",2021-05-14,205466,4,false,8blrladeh06ispxcd2fkwkdel,2026-09-24T15:13:31Z,"swedish pop,finnish rock,iskelmä,tango,finnish pop","Silence Records",0.53,0.881,2,-8.661,1,0.0444,0.00831,0.00026,0.0569,0.856,109.508,4
spotify:track:09SH9PQT59JPHIWM4DWQLs,SEAMA8900355,"Sparvöga","Den Ständiga Resan","Marie Fredriksson",1992-10-14,245573,44,false,8blrladeh06ispxcd2fkwkdel,2026-09-24T15:14:31Z,"swedish pop","Parlophone Sweden",0.491,0.591,2,-7.652,0,0.0264,0.15,0,0.338,0.574,106.138,4
spotify:track:5r2PTWpleQnUEwrJBTHgEs,SEPQA9407020,"Sunkissed","Abstinence","Popsicle",1994-03-03,136306,29,false,8blrladeh06ispxcd2fkwkdel,2026-09-24T15:16:06Z,"swedish pop,jangle pop,power pop","WM Sweden",0.373,0.923,4,-5.051,1,0.0473,0.000694,0.0848,0.098,0.434,167.204,4
spotify:track:0J2p4KYdr6Mg4ET6JPlbe1,SEAYD8001010,"Super Trouper","Super Trouper","ABBA",1980,252853,79,false,8blrladeh06ispxcd2fkwkdel,2026-09-24T15:12:23Z,"","Polar Music International AB",0.764,0.626,0,-8.274,1,0.0288,0.457,0.00000635,0.201,0.961,118.34,4
spotify:track:31AMbxkc5KHNtBSmuNww60,SELEA9101040,"Till dom ensamma","Dr Space dagbok","Mauro Scocco",1991-04-12,300373,48,false,8blrladeh06ispxcd2fkwkdel,2026-09-24T15:15:13Z,"swedish pop","Diesel",0.466,0.546,1,-9.649,1,0.0271,0.443,0,0.133,0.471,164.129,4
spotify:track:1qAu9Y6Akd0CLAF6xLFtET,SEBMA8057060,"Var kommer barnen in","Existens-maximum","Hansson de Wolfe United",1981-04-27,338160,32,false,8blrladeh06ispxcd2fkwkdel,2026-09-24T15:13:12Z,"swedish pop,bisrock","Ariola",0.491,0.188,4,-15.966,0,0.03,0.525,0.00708,0.097,0.167,86.693,4
spotify:track:6vVD6jsR9rhmWe0hVuy96b,SEPQA9322010,"Vart tog den söta lilla flickan vägen?","Tre Amigos","Just D",1993-03-05,209933,31,false,8blrladeh06ispxcd2fkwkdel,2026-09-24T15:15:34Z,"dansband,christmas,swedish pop","WM Sweden",0.794,0.895,2,-7.409,1,0.139,0.00621,0.00000808,0.225,0.69,99.462,4
spotify:track:7CwSvq95AQkKlmNjK5BFs6,SEPAT9344020,"Vindarna","Samling 83-93","Freda'",1993-02-02,253733,24,false,8blrladeh06ispxcd2fkwkdel,2026-09-24T15:13:52Z,"swedish pop","Record Station",0.597,0.934,4,-6.943,1,0.0436,0.149,0.00408,0.386,0.855,123.787,4
spotify:track:6WShAtk9Ju7YiaCPBQNqeK,SELAC9409010,"You And Me Song","Be A Girl","The Wannadies",1994-03-10,169773,55,false,8blrladeh06ispxcd2fkwkdel,2026-09-24T15:16:06Z,"britpop","MNW Music AB",0.325,0.386,2,-8.231,1,0.0387,0.00728,0,0.0732,0.269,144.83,4
spotify:track:1pGvGjJdJit6iP3ECORa2k,SEPQD8820100,"Är du redo?","Orup","Orup",1988-03-03,191800,19,false,8blrladeh06ispxcd2fkwkdel,2026-09-24T15:13:52Z,"swedish pop","WM Sweden",0.871,0.651,10,-4.765,0,0.0605,0.0881,0.000134,0.032,0.666,98.415,4
